seller_id,seller_zip_code_prefix,seller_city,seller_state
001cca7ae9ae17fb1caed9dfb1094831,29156,cariacica,ES
002100f778ceb8431b7a1020ff7ab48f,14405,franca,SP
004c9cd9d87a3c30c522c48c4fc07416,14940,ibitinga,SP
00720abe85ba0859807595bbf045a33b,07070,guarulhos,SP
00ee68308b45bc5e2660cd833c3f81cc,03333,sao paulo,SP
00fc707aaaad2d31347cf883cd2dfe10,87025,maringa,PR
013900e863eace745d3ec7614cab5b1a,80740,curitiba,PR
014c0679dd340a0e338872e7ec85666a,35180,timoteo,MG
01c97ebb5cdac52891c0ed1c37ba0012,15804,catanduva,SP
01cf7e3d21494c41fb86034f2e714fa1,85603,francisco beltrao,PR
01fdefa7697d26ad920e9e0346d4bd1b,86050,londrina,PR
0241d4d5d36f10f80c644447315af0bd,80330,curitiba,PR
02c988090b766852e088c69d7fb3b551,13473,americana,SP
02dcd3e8e25bee036e32512bcf175493,32310,contagem,MG
02ecc2a19303f05e59ce133fd923fff7,09121,santo andre,SP
02f5837340d7eb4f653d676c7256523a,80620,curitiba,PR
02f623a8eb246f3c5f7c2f96462654e6,18611,botucatu,SP
039b29ff3b3473435d0cd59040575de9,09443,ribeirao pires,SP
039e6ad9dae79614493083e241147386,03560,sao paulo,SP
0417b067eeab773d2f7061a726dc477f,89288,sao bento do sul,SC
04308b1ee57b6625f47df1d56f00eedf,88215,bombinhas,SC
0432ead42b6c8a0bdf68154add917fdf,09320,maua,SP
044668ccd5316b12a7cf0d54a156e3e9,06016,osasco,SP
048c2757535328e0d7dac690ad3c0aae,14406,franca,SP
04e38a233f726ef161074ab1c9b0399a,01239,sao paulo,SP
0509040ea3fe50071181bbc359eb7738,31710,belo horizonte,MG
054694fa03fe82cec4b7551487331d74,15840,itajobi,SP
056b4ada5bbc2c50cc7842547dda6b51,26379,queimados,RJ
058fd0aa2bfdb2274e05e1ae971dabb6,09020,santo andre,SP
05d2173d43ea568aa0540eba70d2ca76,37135,alfenas,MG
05ff92fedb5be47920fea08e501238b9,98803,santo angelo,RS
062c325cd6a2b87845fab56b4ec2eeae,08150,sao paulo,SP
062ce95fa2ad4dfaedfc79260130565f,95913,lajeado,RS
06579cb253ecd5a3a12a9e6eb6bf8f47,04007,sao paulo - sp,SP
066a6914e1ebf3ea95a216c73a986b91,85863,foz do iguacu,PR
06a2c3af7b3aee5d69171b0e14f0ee87,65072,sao luis,MA
06e5eefc71ec47ae763c5c6f8db7064f,91350,porto alegre,RS
070d165398b553f3b4b851c216b8a358,03916,sao paulo,SP
0725b8c0f3f906e58f70cbe76b7c748c,07023,guarulhos,SP
0791d9fc1e30678ecf03d3e55fa108d3,30775,belo horizonte,MG
07bf9669d84d1f11be443a9dd938f698,04761,sao paulo,SP
080102cd0a76b09e0dcf55fcacc60e05,31140,belo horizonte,MG
080199a181c46c657dc5aa235411be3b,06097,osasco,SP
08633c14ef2db992c11f840f04fad4cd,09416,ribeirao pires,SP
0885aaf116795758dfeb5f1032487bcd,08541,ferraz de vasconcelos,SP
093805f8f2aeb63881444571e1f48f30,06236,osasco,SP
094ced053e257ae8cae57205592d6712,14095,ribeirao preto,SP
0951a6e282947e09cd47969f4ed0b47f,06763,taboao da serra,SP
099095b050cfe8eb1ddff5317587e96e,03322,sao paulo,SP
09f952a5f58d2285b0372551ae8f9b01,09725,sao bernardo do campo,SP
0a85ebe4e328db81ac9109781205e2f7,13205,jundiai,SP
0ac4201fda2c68ebc0e47cb9423cf3c9,03345,sao paulo,SP
0adac9fbd9a2b63cccaac4f8756c1ca8,13290,louveira,SP
0af977692321d895349eded183341d28,11070,santos,SP
0afccdb8a34ee5c79f7c06faf2b4d56e,38400,uberlandia,MG
0b1ca3ef18a63d7eb0c8897fa0849c08,18131,sao roque,SP
0b35c634521043bf4b47e21547b99ab5,84530,teixeira soares,PR
0b64bcdb0784abc139af04077d49a20e,92420,canoas,RS
0b90b6df587eb83608a64ea8b390cf07,87025,maringa,PR
0bae85eb84b9fb3bd773911e89288d54,88301,itajai,SP
0be8ff43f22e456b4e0371b2245e4d01,04461,sao paulo,SP
0bf0150d5b9d60d9cd2906003332f085,01547,sao paulo,SP
0c7533c71df861ec58ad7ff999ed0e8d,13270,valinhos,SP
0c7f30ae9b147eca07affbef92832a6a,84020,ponta grossa,PR
0c8380b62e38e8a1e6adbeba7eb9688c,37410,tres coracoes,MG
0cbcee27c791afa0cdcb08587a2013a8,37410,tres coracoes,MG
0d33a55da925bbf1ff02af5f6059fc7f,05632,sao paulo,SP
0d83f8e03188682112cc0d93523705cc,91150,porto alegre,RS
0d85bbda9889ce1f7e63778d24f346eb,38414,uberlandia,MG
0db783cfcd3b73998abc6e10e59a102f,11010,santos,SP
0dd184061fb0eaa7ca37932c68ab91c5,07031,guarulhos,SP
0df3984f9dfb3d49ac6366acbd3bbb85,32604,betim,MG
0e44d110fa6a54e121cb2c095a77762f,07901,francisco morato,SP
0ea22c1cfbdc755f86b9b54b39c16043,35700,sete lagoas,MG
0eaa7e33d73809f1f925f7d07c506cbd,09111,santo andre,SP
0ebd97a106433a45a4aebe57c1799778,32240,contagem,MG
0ed6ce5d87fd9c69eaacaeb778d67235,13473,americana,SP
0ef83d7d83ed97cd2a0049ac8be5f88a,80230,curitiba,PR
0ffa40d54288e4f3499b8780dd0f144f,19013,presidente prudente,SP
10076e5788b8ee532724bcd460baf762,14315,batatais,SP
10089e9f2fd0c668a8fd4e52e1698888,15061,sao jose do rio preto,SP
101a3a003516bc11253298b2fad3cb65,13503,rio claro,SP
1025f0e2d44d7041d6cf58b6550e0bfa,03204,sao paulo,SP
1099a00e0ee3a50935e6c2447ca090c5,20921,rio de janeiro,RJ
1127b7f2594683f2510f1c2c834a486b,13087,campinas,SP
11305281b50fff20ae8bb473f8e11876,36500,uba,MG
116ccb1a1604bc88e4d234a8c23f33de,09850,sao bernardo do campo,SP
11bfa66332777660bd0640ee84d47006,14085,ribeirao preto,SP
128639473a139ac0f3e5f5ade55873a5,87050,maringa,PR
12b9676b00f60f3b700e83af21824c0e,95780,montenegro,RS
1336efc61c316ddf92c899eb817f7cae,19800,assis,SP
1354d51653f645349064725ed204e85e,01230,sao paulo,SP
138dbe45fc62f1e244378131a6801526,02215,sao paulo,SP
139157dd4daa45c25b0807ffff348363,03064,sao paulo,SP
13c2ed7698b3ca92dad49e849219da59,84010,ponta grossa,PR
13d058e4eeac2ce8217660b2f8a05812,06080,osasco,SP
13f57c12a00ed4610db646b913a7f5c6,11015,santos,SP
1430239a858e7682bbc43b20758af153,04087,sao paulo,SP
1444c08e64d55fb3c25f0f09c07ffcf2,42738,lauro de freitas,BA
1464afc72f696af775557a821c2e253f,28630,nova friburgo,RJ
14a08204d03bb6b6bde8029f801ae0eb,01026,sao paulo,SP
14d7985702e72162bbf13b6beb74ab2b,09131,santo andre,SP
14ee35374a7876217954b5fa08e50463,15015,sao jose do rio preto,SP
14f2b3587172b9db894c9bad8dab520b,95240,ipe,RS
1554a68530182680ad5c8b042c3ab563,37580,monte siao,MG
157c3e4b42f81ac4a44e8b1ca2fe9876,03211,sao paulo,SP
1588ac4010787100dddef64568f0ae35,87045,maringa,PR
15fa791d5e017f66402dc28c44480657,03307,sao paulo,SP
16090f2ca825584b5a147ab24aa30c86,12940,atibaia,SP
165fc07beebdcb6190fba8a06db2a449,87015,maringa,PR
167fd940acebc789debd6eb418c46e38,14405,franca,SP
1690cada046eb7e92c12f98b1f8a8167,01303,sao paulo,SP
1771297ac436903d1dd6b0e9279aa505,07025,guarulhos,SP
17908cf9b444ee34047cadd5c0f4a516,75124,anapolis,GO
17a053fcb14bd219540cbde0df490be0,13843,mogi guacu,SP
17ca9b9e9b9ef8fdb529001b49ebb50f,32677,betim,MG
17e34d8224d27a541263c4c64b11a56b,14085,riberao preto,SP
17f51e7198701186712e53a39c564617,03908,sao paulo,SP
1835b56ce799e6a4dc4eddc053f04066,14940,ibitinga,SP
1838dd9b8977065acf51d95e0053ea7a,30882,belo horizonte,MG
18a349e75d307f4b4cc646a691ed4216,01319,sao paulo,SP
18e694e0e48ed6f7aa3f24aade5fd697,13224,varzea paulista,SP
1900267e848ceeba8fa32d80c1a5f5a8,14940,ibitinga,SP
1976a05ecf2996d6ffb7b5430e635fe7,19806,assis,SP
198c7ea11960a9844b544d9bcdca860c,37590,jacutinga,MG
1996942dc085d7773ba77a529b163cd0,14850,pradopolis,SP
1a3df491d1c4f1589fc2b934ada68bf2,89224,joinville,SC
1acde099eb406aa220b1169b188b42da,02532,sao paulo,SP
1b4c3a6f53068f0b6944d2d005c9fc89,88730,sao ludgero,SC
1b8356dabde1d35e17cef975c3f82730,03477,sao paulo,SP
1b938a7ec6ac5061a66a3766e0e75f90,16304,penapolis,SP
1bb2bdb95f4841f1bba2c0d2cd83d3c9,01257,sao paulo,SP
1bb3812d5f0747a3ab7348f199001a10,04708,sao paulo,SP
1c129092bf23f28a5930387c980c0dfc,02972,sao paulo,SP
1c40343cc5d18c2d8248ac2f3366de34,13482,limeira,SP
1c5e4e49b9079480255b49d50aac1aa9,11030,santos,SP
1c68394e931a64f90ea236c5ea590300,87114,sarandi,PR
1ca7077d890b907f89be8c954a02686a,06506,santana de parnaiba,SP
1caf283236cd69af44cbc09a0a1e7d32,26020,nova iguacu,RJ
1ce3ae5a399804d1a87e706f8a813c3e,88715,jaguaruna,SC
1d0997ff06b524ce9289ffd75114ecd3,52020,recife,PE
1d4587203296c8f4ad134dc286fa6db0,05101,sao paulo,SP
1d8dbc4f32378d715c717c1c1fc57bae,86706,arapongas,PR
1da366cade6d8276e7d8beea7af5d4bf,36500,uba,MG
1da3aeb70d7989d1e6d9b0e887f97c23,04265,sao paulo,SP
1dd33b8119b3cb1056ed5dc88cd0aaf4,04710,sao paulo,SP
1dfe5347016252a7884b694d4f10f5c4,14940,ibitinga,SP
1e483cc5c76fef08d3ca05f9a8af7d01,02929,sao paulo,SP
1e8b33f18b4f7598d87f5cbee2282cc2,02066,sao paulo,SP
1eade46fba20122dc4aefb379f8c636b,02066,sao paulo,SP
1f1bb1f0859883505541bdd6606193e5,02124,sao paulo,SP
1f50f920176fa81dab994f9023523100,15025,sao jose do rio preto,SP
1f9ab4708f3056ede07124aad39a2554,17602,tupa,SP
2059c39f76271d4ca3f15b5ffaccc8b8,81930,curitiba,PR
2089a6d640999f9b9141ac719b2af596,13566,sao carlos,SP
2138ccb85b11a4ec1e37afbd1c8eda1f,08250,sao paulo,SP
213b25e6f54661939f11710a6fddb871,13321,salto,SP
2156f2671501a81034d7d07f217609d0,04776,sp,SP
218d46b86c1881d022bce9c68a7d4b15,14070,ribeirao preto,SP
218f991754f360af9c2daa5e0b8e990c,01123,sao paulo,SP
2199e7fe213c16213bf5d6a7eadc9a5d,11900,registro,SP
229c3efbfb0ea2058de4ccdfbc3d784a,30190,belo horizonte,MG
22c32ec35d0116ef02c281798a25bf8b,87043,maringa,PR
232a6014e7b10cba61c6c2b2ea6bb4b0,16500,cafelandia,SP
23613d49c3ac2bd302259e55c06c050c,13660,porto ferreira,SP
236585a4ddb5fea9fa40233e2249ed91,95088,caxias do sul,RS
2379bdc3888025689a9deb7b141507d5,13806,mogi mirim,SP
238fac594e170b59c6d228f5a4f4f1d9,17300,dois corregos,SP
23a0ffca143a15b9b5bbdb7d552f626a,13520,sao pedro,SP
23c38debaffe4a25a30fdbd9b586a13f,18110,votorantim,SP
240b9776d844d37535668549a396af32,24120,niteroi,RJ
2493dc3f20131696a0ecdb9948051a8d,71065,brasilia,DF
2528513dd95219a6013d4d05176e391a,06060,osasco,SP
259f7b5e6e482c230e5bfaa670b6bb8f,08550,poa,SP
25be943a321c8938947bdaabca979a90,09725,sao bernardo do campo,SP
25c5c91f63607446a97b143d2d535d31,35680,itauna,MG
25cf099de44674fde97473224f9d59ab,06716,cotia,SP
25e6ffe976bd75618accfe16cefcbd0d,05503,sao paulo,SP
26785a546900236d66f2e4197c211158,08430,sao paulo,SP
269c5fc9fcadee614364c3620c30a1f9,07140,guarulhos,SP
26bad72add1f86e08a776ce4ffdaf1ca,14470,pedregulho,SP
26d6bbee02420494d471c9f6436929c0,81530,curitiba,PR
26d8a1c7c75d513045798992ead43aa2,86800,apucarana,PR
270297ead4c65a6cd2593960d2af6b21,04696,sao paulo,SP
2709af9587499e95e803a6498a5a56e9,03813,sao paulo,SP
271b8923c6a549e02d3c9fd1f8c0422b,11704,praia grande,SP
271c58a1d139c45eaf3316107c6d3a3b,03632,sao paulo,SP
272f092de69afedd4d2969440b37f18f,03265,sao paulo,SP
276677b5d08786d5dce7c2149dcce48b,31730,belo horizonte,MG
282f23a9769b2690c5dda22e316f9941,31573,belo horizonte,MG
289cdb325fb7e7f891c38608bf9e0962,31570,belo horizonte,SP
28d162ab86bb49d719c32f0ee6186eaa,14079,ribeirao preto,SP
28ea411b354f14b1a494be4e79f0ce02,05685,sao paulo,SP
28fb0829fd777877cdc350d25cb5bd5b,15051,sao jose do rio pret,SP
2a1348e9addc1af5aaa619b1a3679d6b,30494,belo horizonte,MG
2a5b78b41cd05baeac8df54c6606b92c,35570,formiga,MG
2a61c271b1ac763450d846849783e922,09175,santo andre,SP
2a7dc43cecabf23403078e2188437d1d,04142,sao paulo,SP
2a84855fd20af891be03bc5924d2b453,30111,belo horizonte,MG
2addf05f476d0637864454e93ba673d5,70856,brasilia,DF
2b1a40c1daabc6ca280c4b815c101841,35500,divinopolis,MG
2b3b9ce054da76a7428df143a567b156,03572,sao paulo,SP
2b3e4a2a3ea8e01938cabda2a3e5cc79,04733,sao paulo,SP
2bf6a2c1e71bbd29a4ad64e6d3c3629f,28615,nova friburgo,RJ
2c43fb513632d29b3b58df74816f1b06,30421,belo horizonte,MG
2c4c47cb51acd5ea5db5e0ae0e26542a,15290,buritama,SP
2c9e548be18521d1c43cde1c582c6de8,08752,mogi das cruzes,SP
2d50d6282f8aa2257819a77bfaa0efe0,14940,ibitinga,SP
2d518637f53161b973e01f56ea4bb88e,02992,sao paulo,SP
2dd1fb6f0e42a2243b8a01e40cd41216,80240,curitiba,PR
2dee2ce60de9709b1a24083217181a1f,78552,sinop,MT
2e1c9f22be269ef4643f826c9e650a52,04850,sao paulo,SP
2e7ea2aafec5835e781b21d6d1faf1f1,02820,sao paulo,SP
2e90cb1677d35cfe24eef47d441b7c87,02285,sao paulo,SP
2eb70248d66e0e3ef83659f71b244378,13101,campinas,SP
2f4b0d3b9634b647d4edee577d7ebb7e,02310,sao paulo,SP
2f74af7a0ee5636f12c2336f9fffed47,02376,sao paulo,SP
2ff6b7bff164ef05590a52734e1296da,86060,londrina,PR
2ff97219cb8622eaf3cd89b7d9c09824,13320,salto,SP
3078096983cf766a32a06257648502d1,13720,scao jose do rio pardo,SP
30829ded4523ab9224b93bc49a62c95f,95360,parai,RS
30a2f535bb48308f991d0b9ad4a8c4bb,13457,santa barbara d'oeste,SP
30a81d8cf85fb2ada1b1b094c9583a95,03563,sao paulo,SP
31561f325664a8a7aba4c8d0c3a9b3db,03287,sao paulo,SP
318f287a62ab7ac10b703ac37435a231,04773,sao paulo,SP
31ae0774c17fabd06ff707cc5bde005f,13478,americana,SP
31da954dc0855f2495c6310f70a2f931,13601,araras,SP
31eec405c9bb71dec8e2629a92e764fa,29300,cachoeiro de itapemirim,ES
323ce52b5b81df2cd804b017b7f09aa7,03306,sao paulo,SP
325f3178fb58e2a9778334621eecdbf9,06790,taboao da serra,SP
32fdd5d44ecb43dfd6a24b9369eca144,35557,carmo do cajuru,MG
3340ef1913fb70d28420f6ceb685c339,87040,maringa,PR
33576ec5412fb5905d876f12f33bfde6,80040,curitiba,PR
3361277dc30b7cccdb0c286b24219756,87015,maringa,PR
3364a91ec4d56c98e44174de954b94f6,76804,porto velho,RO
33a17d60c64393351ebf1ef860f4e0f2,91510,porto alegre,RS
33a6f4b1e7cdc205511e76ba1b6e0186,07084,guarulhos,SP
33cbbec1e7e1044aaf11d152172c776f,95705,bento goncalves,RS
34056b8b55c1775a22af2331670a799c,16304,penapolis,SP
343e716476e3748b069f980efbaa294e,13033,campinas,SP
344223b2a90784f64136a8a5da012e7f,89117,gaspar,SC
3492e68f37fd1df87f4f2f2ea247f445,13322,salto,SP
34d1ca11b242c0fee2c834ae8d788566,36415,congonhas,MG
3504c0cb71d7fa48d967e0e4c94d59d9,09350,maua,SP
3586b8580d9c917874e053a1bb37b5ff,14802,araraquara,SP
35fb511489d9ee3ee27a76debce9df06,86061,londrina,PR
36a968b544695394e4e9d7572688598f,11010,santos,SP
373ee4a3a775a733770ca3f790b8b9ac,22793,rio de janeiro,RJ
37515688008a7a40ac93e3b2e4ab203f,17900,dracena,SP
376a891762bbdecbc02b4b6adec3fdda,74323,goiania,GO
3771c85bac139d2344864ede5d9341e3,18087,sorocaba,SP
37be5a7c751166fbc5f8ccba4119e043,04248,sao paulo,SP
381c83fdca332ea6afd896da20bf6e4a,80010,curitiba,PR
382229d1e840115ffe3dbf5ff460e417,23092,rio de janeiro,RJ
389e45560e33d2d0747f949dcddbc08e,12238,sao jose dos campos,SP
38e679b9e0064cd94c6f035707344dae,86010,londrina,PR
3903c788ded8dc03b5ebab37a2f3e9a1,06332,carapicuiba,SP
391fc6631aebcf3004804e51b40bcf1e,14940,ibitinga,SP
3935fe5fe0f82787a9dcb8deb62be09d,04905,sao paulo,SP
3985a3c45be355a4c57fde108bfabd1c,95690,rolante,RS
39a5005f2605cbdb4f9ac14485cabfd1,14780,barretos,SP
39d54ff918774174706fb065d7f9dc07,04243,sao paulo,SP
39d61be7a92eb77b7da367bd4845bc0e,13420,sao paulo,SP
3a1a1fec38dd360f15fc912e821e169d,02451,sao paulo,SP
3a3e46d10f74d8a6ca76e2b538f106a0,02522,sao paulo,SP
3ab971ce71839580d2ae5b4e40fe8044,03210,sao paulo,SP
3ade81dab5a172b88e1871c28ae05260,15076,sao jose do rio preto,SP
3afc536624bc2e65bddfb5db33cc01f3,30150,belo horizonte,MG
3b15288545f8928d3e65a8f949a28291,14940,ibitinga,SP
3bb548e3cb7f70f28e3f11ee9dce0e59,87040,maringa,PR
3bdff180c7e1f6551a643b99c265a120,04811,sao paulo,SP
3be634553519fb6536a03e1358e9fdc7,08275,sao paulo,SP
3c03b12bab54d8b37d79d914bfdb1aa0,25561,sao joao de meriti,RJ
3c487ae8f8d7542beff5788e2e0aea83,72460,gama,DF
3c4e0452bff7a2a788179488d3d77032,83408,colombo,PR
3c7c4a49ec3c6550809089c6a2ca9370,03804,sao paulo,SP
3d49bfdd1b43a7fe169b3740067acc61,39400,montes claros,MG
3d4b1ae7539303b5704493798893e82c,03244,sao paulo,SP
3d621842b2ed28e2b474132480edac3c,08041,sao paulo,SP
3d871de0142ce09b7081e2b9d1733cb1,13232,campo limpo paulista,SP
3d8fa2f5b647373c8620330c4e077a9f,03031,sao paulo,SP
3db66a856d18a9cba7c9241fc5221c50,35430,ponte nova,MG
3dbbce181edfaa4a597ec858c382d2ec,82515,curitiba,PR
3df020b72d3d44b3af9d110fa3940b65,15704,jales,SP
3dfd3dc96f7f8598eca74e9ac8a2fa31,03343,sao paulo,SP
3e8bd881d92466e63ba9e3e809cd3c50,20751,rio de janeiro,RJ
3f0e48d209018b466fcd3bb4ccfeb520,80215,curitiba,PR
3f2af2670e104d1bcb54022274daeac5,87240,terra boa,PR
3f3486b61f45078d4f31ee5e43d8c5bb,03035,sao paulo,SP
3f995f07c49d0d55a99d5c54957f7d81,06853,itapecerica da serra,SP
3fd1e727ba94cfe122d165e176ce7967,14802,araraquara,SP
4003520d80d0bad1d5623f7aa3c63cda,20520,rio de janeiro,RJ
402916f742e5c740cc751493d9cf5053,39740,guanhaes,MG
403aa86912527d730337ffcb0fb096ab,30220,belo horizonte,MG
406740ee611378a662d274c7d8c43c4a,29056,vitoria,ES
406822777a0b9eb5c50e442dd4cd3ec5,18500,tatui,SP
40d54b51e962dbe09cabbcfd33298dee,09230,santo andre,SP
40db9e9aa57f7bb151bcda6b0f9bdbb7,52010,recife,PE
40ec8ab6cdafbcc4f544da38c67da39a,85603,francisco beltrao,PR
411f3b52d857390502ee4e4d5ceabc2d,09400,ribeirao pires,SP
4125d9385a25e82d2f72d3a0fd55bc3f,11065,santos,SP
41b39e28db005d9731d9d485a83b4c38,09220,santo andre,SP
41b86b552e54e3a7009596125aa8b167,02470,sao paulo,SP
41da412d33e8da4f22baf55cb1bde82c,29260,domingos martins,ES
4200ddf1967c5e41e48db62bc6d4b5ac,09710,sao bernardo do campo,SP
42b729f859728f5079499127a9c2ef37,03910,sao paulo,SP
42bde9fef835393bb8a8849cb6b7f245,71551,brasilia,DF
430315b7bb4b6e4b3c978f9dfa9b0558,04857,sao paulo,SP
4305fe92735c8a43d154ff6dd2b8d927,35170,coronel fabriciano,MG
431050a06a317f2b38168dec3dcd2b46,02475,sao paulo,SP
431af27f296bc6519d890aa5a05fdb11,14110,ribeirao preto,SP
432c37c9dfba871172ec162e20118b8c,70235,brasilia,DF
43402bdf22aa2310e8f99e2f94f78628,09434,ribeirao pires,SP
4342d4b2ba6b161468c63a7e7cfce593,22793,rio de janeiro,RJ
4371b634e0efc0e22b09b52907d9d469,02028,sao paulo,SP
43f8c9950d11ecd03a0304a49e010da6,06341,carapicuiba,SP
44073f8b7e41514de3b7815dd0237f4f,71070,brasilia,DF
440dd6ab244315c632130ecfb63827b1,15502,votuporanga,SP
44f091b5abab8018f682fce8124b85e5,02281,sao paulo,SP
45213867cefbf2cd4c6177e10216a951,13603,araras,SP
4559697a8f7e637227c2eeaed843baff,19029,presidente prudente,SP
45ba18c210d42734ec52c0c1c574e9ee,18130,sao roque,SP
45d33f715e24d15a6ccf5c17b3a23e3c,18015,sorocaba,SP
461ff5303b6c9c1a4a07f40c5aece516,83323,pinhais,PR
46dc3b2cc0980fb8ec44634e21d2718e,22240,rio de janeiro,RJ
47efca563408aae19bb7206c2d969ea9,64033,teresina,PI
48162d548f5b1b11b9d29d1e01f75a61,13403,piracicaba,SP
4830e40640734fc1c52cd21127c341d4,03573,sao paulo,SP
483ca627d131e18f988349b1655c0acd,13800,mogi mirim,SP
48436dade18ac8b2bce089ec2a041202,27277,volta redonda,SP
4869f7a5dfa277a7dca6462dcf3b52b2,14840,guariba,SP
48b6c3f4c6a93171da04b75313f2130f,17700,osvaldo cruz,SP
48efc9d94a9834137efd9ea76b065a38,81130,curitiba,PR
48fb026ed7455a42f5d3e9390ed5088e,27321,barra mansa,RJ
49067458c68f7701fd334ce326accbe0,36050,juiz de fora,MG
4917cee8d902e13428c3ec4b1ca6f315,89031,blumenau,SC
4992e76a42cb3aad7a7047e0d3d7e729,03334,sao paulo,SP
49e7217cfe4e427191c378ec626d8737,35570,formiga,MG
4a3ca9315b744ce9f8e9374361493884,14940,ibitinga,SP
4a3ccda38b2129705f3fb522db62ca31,17504,marilia,SP
4aba391bc3b88717ce08eb11e44937b2,45816,arraial d'ajuda (porto seguro),BA
4b0fdb526525f9890eb145bf1534640e,14940,ibitinga,SP
4b5f66b7adcf57f1ecc0d3c07dd6b177,87025,vendas@creditparts.com.br,PR
4b9750c8ad28220fe6702d4ecb7c898f,13484,limeira,SP
4ba52dfeba874da5b9ee7b17c7494f04,08790,mogi das cruzes,SP
4be6b962d83299498bae2190f95d6566,13561,sao carlos,SP
4bf2f4ee540798a61f9636d12cd9cc80,19814,assis,SP
4c03b9dd4c11ee2cb35c96c49efc9420,13232,campo limpo paulista,SP
4c18691b6037662be2df78a765d98ab5,03167,sao paulo,SP
4c2b230173bb36f9b240f2b8ac11786e,03933,sao paulo,SP
4c498c7345e89aebad651544829beca0,06341,carapicuiba,SP
4c4d546adf3c3868fe19c9ec6e9ffda9,87013,maringa,PR
4c8b8048e33af2bf94f2eb547746a916,14940,ibitinga,SP
4ce8b55b4bfa4659184e7becc1fba3f2,83823,fazenda rio grande,PR
4d6d651bd7684af3fffabd5f08d12e5a,17209,jau,SP
4dab98ca6cd6d3df586203cefd28a042,91150,porto alegre,RS
4e0d109ccfba9a1151c103049880c857,25550,sao joao de meriti,RJ
4e17c65a516f69d023a2ae78b84f28d6,08673,suzano,SP
4e5725ba188db8252977a4f0227bd462,14092,ribeirao preto,SP
4e7c18b98d84e05cbae3ff0ff03846c2,14882,jaboticabal,SP
4e922959ae960d389249c378d1c939f5,12327,jacarei,SP
4ebdc7e6cd6102a022dadc49156d4ea8,05030,sao paulo,SP
4ef4c39cf3c24f326434cf0b2e48046a,05004,sao paulo,SP
5011f0d93373a4c5753adf58ca77af8d,11013,santos,SP
5058e8c1e82653974541e83690655b4a,08583,itaquaquecetuba,SP
5075aaa8404020ae6aa8bf4792099b41,37706,pocos de caldas,MG
508808d438fe2ff972ed13bb8f4a82e2,03963,sao paulo,SP
513a54369b6a8a6602fcb0e129c6d78d,09862,sao bernardo do campo,SP
5151aea44289d6c6b090ee31c2132508,17515,marilia,SP
5160d23075764e18e07c1f4a87fad743,09720,sao bernardo do campo,SP
516e7738bd8f735ac19a010ee5450d8d,22230,rio de janeiro,RJ
51702dc2a3e106c76dbff722b5bf0726,13835,conchal,SP
51e0557bc7b86de13e946c60ee91ce39,31510,belo horizonte,MG
51e4e89242cbb846c2deff3dc015650e,96203,rio grande,RS
520b493b57809f446cb0a233bb3e25c7,11075,santos,SP
522620dcb18a6b31cd7bdf73665113a9,85801,cascavel,PR
525e75a6fb1454a2325ab1734bcec221,06453,barueri,SP
5275ca25d0358ca73864e0ae41be1320,07024,guarulhos,SP
527801b552d0077ffd170872eb49683b,17400,garca,SP
52a50b42accf164f9f019941e5759d9b,13820,monte alegre do sul,SP
52a52b9f656520e99716f5bc40f661c8,13573,sao carlos,SP
52bb00821bcdd358a5a5a27e1f6be5a1,06268,osasco,SP
52d76513f0c4d97f3b99570e2c94ee31,93348,novo hamburgo,RS
52f976b17ea7f2f087f56dcc419328f6,86820,california,PR
52f9db5cfb423382a2fa5c9e39303202,19830,echapora,SP
530ec6109d11eaaf87999465c6afee01,85807,cascavel,PR
53243585a1d6dc2643021fd1853d8905,42738,lauro de freitas,BA
5343d0649eca2a983820bfe93fc4d17e,09270,santo andre,SP
534a01cc6df1e034e05c32028a291fa2,13214,jundiai,SP
537eb890efff034a88679788b647c564,20270,rio de janeiro,RJ
538caafddff204241cecbf3a02e6b3cf,04516,sao paulo,SP
53b0300ca793f9834cd69c0678d35ee8,13339,indaiatuba,SP
53d00c40e32aeb924a84ce72b1af869d,14940,ibitinga,SP
53e4c6e0f4312d4d2107a8c9cddf45cd,13920,pedreira,SP
54065e9aef7e9e9c2dc23b7594db021a,20040,rio de janeiro,RJ
542917da124346b47ea1ac79a93ce454,82560,curitiba,PR
54583ab379489add547fe47b628db589,09810,sao bernardo do campo,SP
54965bbe3e4f07ae045b90b0b8541f52,85851,foz do iguacu,PR
54a1852d1b8f10312c55e906355666ee,13456,santa barbara d'oeste,SP
5563732abe64c3036cb97ad924128dd1,07192,guarulhos,SP
557f22c76691849db52d2abccf0015d0,75650,morrinhos,GO
55a5b51f93f2b70ea513f5a047b0262a,36301,sao joao del rei,MG
55d3daac7c404d59e51c2aa2f4dc5a23,02150,sao paulo,SP
55dedd83e501d8248880557d9073cbfd,22061,rio de janeiro,RJ
55f7a3319d80f7fdf078b8f03e6725fe,06056,osasco,SP
562f8cfc51f265411f487d07e9c40e7f,30575,belo horizonte,MG
562fc2f2c2863ab7e79a9e4388a58a14,13070,campinas,SP
5656537e588803a555b8eb41f07a944b,72015,brasilia,DF
56642bcb79900e777d68e91915cb4267,03701,sao paulo,SP
5670f4db5b62c43d542e1b2d56b0cf7c,03694,sao paulo,SP
56e361f411e38dcef17cdc2a3d99628b,07113,guarulhos,SP
575df70bde3f9f2b30bf8d2e9910d725,15075,sao jose do rio preto,SP
5795aebfe331fbcd02a2c4b679fb7952,88132,palhoca,SC
57c764b4a836300be881e2ff86e449f9,14021,ribeirao preto,SP
57e632711dec9ec14ca7546769483e7e,88372,navegantes,SC
57fe6232e67823593374a2281d7a8af8,13360,capivari,SP
582d4f8675b945722eda7c0cb61ba4c7,11250,bertioga,SP
5882820ef11c4c068eea0677a7a879b4,95082,caxias do sul,RS
58f1a6197ed863543e0136bdedb3fce2,36407,conselheiro lafaiete,MG
594f9aaa48e5bf431f011ddc5669b0d5,32185,contagem,MG
59b22a78efb79a4797979612b885db36,38414,uberlandia,MG
59cea8e446d3834393058e7e0666b6fb,87050,maringa,PR
59fb871bf6f4522a87ba567b42dafecf,03655,sao paulo,SP
5a05a16bb50629ee31afab8a6d4c2674,95076,caxias do sul,RS
5a413ade68e8f8d93071a7f52a64cb9e,03679,sao paulo,SP
5a425cc503b39b262a847fd6212bf53b,86010,londrina,PR
5a8e7d5003a1f221f9e1d6e411de7c23,13076,campinas,SP
5a93f3ab0ef4c84ed5e1b5dbf23978bc,12250,monteiro lobato,SP
5b0cc932433fa5184b5b94bfe6bcc256,14940,ibitinga,SP
5b179e9e8cc7ab6fd113a46ca584da81,05424,sao paulo,SP
5b2e94f2c22b39ccc24d34ad0f669672,01214,sao paulo,SP
5b51032eddd242adc84c38acab88f23d,37564,borda da mata,MG
5b67882648febfb6e1225e6ad7164f6b,87502,umuarama,PR
5b8154610ebb21fb90eb587365e673df,12246,sao jose dos campos,SP
5b925e1d006e9476d738aa200751b73b,04567,sao paulo,SP
5bc24d989e71e93c33e50a7782431b0e,37165,campo do meio,MG
5bffbafbb22daf6d3bfc216a46db8708,26525,nilopolis,RJ
5c243662ce92d84573bfaff24c3e3700,03702,sao paulo,SP
5c6d4016c2a288f074fa0848a2b653d2,01209,sao paulo,SP
5c853bb56f70f4d14218944bae111d7a,06715,cotia,SP
5cbbd5a299cab112b7bf23862255e43e,83324,pinhais,PR
5cf13accae3222c70a9cac40818ae839,38700,patos de minas,MG
5d0363b33554b373851fc1622e4d5f3c,12952,atibaia,SP
5d378b73ab7dd6f0418d743e5dcb0bd1,01026,sao paulo,SP
5dceca129747e92ff8ef7a997dc4f8ca,13450,santa barbara d´oeste,SP
5e105f5c9f63f5f1fd75d6cb942e55b1,15076,sao jose do rio preto,SP
5e49e3a44bdeb5aab2684258bbd4f525,88330,balenario camboriu,SC
5f1dc28029d2c244352a68107ec2b542,05126,sao paulo,SP
5f2684dab12e59f83bef73ae57724e45,05125,sao paulo,SP
5f3ae9136c875522250f8184f253413a,01550,sao paulo,SP
602044f2c16190c2c6e45eb35c2e21cb,14940,ibitinga,SP
6025c79c035c3d772133b8b8238463b2,83327,pinhais/pr,PR
6039e27294dc75811c0d8a39069f52c0,06162,osasco,SP
6061155addc1e54b4cfb51c1c2a32ad8,13043,campinas,SP
609e1a9a6c2539919b8205cf7c4e6ff0,88359,brusque,SC
612170e34b97004b3ba37eae81836b4c,93542,novo hamburgo,RS
620c87c171fb2a6dd6e8bb4dec959fc6,25645,petropolis,RJ
6235903333ba7de1928c869e268e5964,89650,treze tilias,SC
624f4ece8da4aafb77699233d480f8ef,05138,sao paulo,SP
6288c69c4ce638e59925e59193f98b16,09010,santo andre,SP
62c50c1af4dfdc4149d25c5222043d39,04782,sao paulo,SP
63272377184e969942f7fff221be858d,03340,sao paulo,SP
6338ea67c41078a46ad99cc009654956,95170,farroupilha,RS
634964b17796e64304cadf1ad3050fb7,21840,rio de janeiro,RJ
63a79f5a7eb5cb48a7e5787b141c7993,38701,patos de minas,MG
63b464dbf392c7b80d12d932fa7cafed,02034,sao paulo,SP
640e21a7d01df7614a3b4923e990d40c,14940,ibitinga,SP
6426d21aca402a131fc0a5d0960a3c90,14091,ribeirao preto,SP
643214e62b870443ccbe55ab29a4dccf,02134,sao paulo,SP
6481e96574816ead57975da2c0f6d80d,18072,sorocaba,SP
64b87978a11c1ea7501a89eabe8c2c1a,19300,presidente bernardes,SP
651fe66032c9520ee5587f694908040d,94810,alvorada,RS
6560211a19b47992c3666cc44a7e94c0,05849,sao paulo,SP
6562efe88ce0826a4ca4f189f03b4b84,87005,maringa,PR
656591be56071d4c9ef4e5fee78a578a,09180,santo andre,SP
65b081a070633e057c462abdd6fb9dd8,75650,morrinhos,GO
65febd49fd28ec955651299159b1f527,03275,sao paulo,SP
66922902710d126a0e7d26b0e3805106,31842,belo horizonte,MG
669ae81880e08f269a64487cfb287169,89160,rio do sul,SC
66dc1b1632bd6a3e508510c5b3492107,17210,jau,SP
66e0557ecc2b4dbea057e93f215f68d8,04771,sao paulo,SP
66fd84ee7528c0c0de85d0f44a73d5ab,98975,campina das missoes,RS
670a9dda115b5a88b18cfadee8de2332,14096,ribeirao preto,SP
670c26e0f1bf8d0576271d5cfaec6d2b,87025,maringa,PR
674207551483fec113276b67b0d871ff,18040,sorocaba,SP
6750d71153f00fc58829af2a8ef1bcf1,28800,rio bonito,RJ
67883baaae6134ee81b271a542613728,01310,sao paulo,SP
6806dad1da97bfb5a9038eac6881f706,83280,guaratuba,PR
681fce914360217db47784ae28905a96,83709,araucaria,PR
6860153b69cc696d5dcfe1cdaaafcf62,13360,capivari,SP
688756f717c462a206ad854c5027a64a,07094,guarulhos,SP
6973a06f484aacf400ece213dbf3d946,12230,sao jose dos campos,SP
6a0cbc8af2e8abd1bdfb777943d174c6,14312,batatais,SP
6a51fc556dab5f766ced6fbc860bc613,17500,marilia,SP
6a8a889bde935bafa76d7848782dfaf9,02839,sao paulo,SP
6a8b085f816a1f75f92dbac6eb545f8f,14709,bebedouro,SP
6aa3928696eab49a19a466e665a649fd,26285,nova iguacu,RJ
6b15924333bd1a741595fe981ea04822,09541,sao caetano do sul,SP
6b243f80ed07b10f0e8aa0f21a205f3c,81825,curitiba,PR
6b3bd31ad8fcda4b2635ec9f3ff2ecdf,22775,rio de janeiro,RJ
6b536a23086fba0d58c08d68814397f6,24346,niteroi,RJ
6b90f847357d8981edd79a1eb1bf0acb,07152,guarulhos,SP
6bbcb8924baf70b7fe2fe2097e8cd407,89031,blumenau,SC
6bd503a8230299c9316fb0f726933927,75650,morrinhos,GO
6bd69102ab48df500790a8cecfc285c2,04293,sao paulo,SP
6c12e40690c335dbc2f68a4134d30dc1,84178,castro,PR
6c177e38df6d3f34182b1f1d427231bf,80430,curitiba,PR
6c6e3d67f969468f3bfd33f827a31222,87035,maringa,PR
6c7d50c24b3ccd2fd83b44d8bb34e073,19025,presidente prudente,SP
6cd68b3ed6d59aaa9fece558ad360c0a,31255,belo horizonte,MG
6d1b9c9579132c87d2703ec38c30f2c5,82515,curitiba,PR
6d22a1fcebb6dd08c9cd90b92a93e8d0,89215,joinville,SC
6d66611d7c44cc30ce351abc49a68421,04378,sao paulo,SP
6d803cb79cc31c41c4c789a75933b3c7,14600,sao joaquim da barra,SP
6d988d6174a2c27441597174f8905515,87070,maringa,PR
6e0908ef4d4efadbc3cc2b74ea477cb0,20910,rio de janeiro,RJ
6e386f64c84e482f0b9abf960797ee1b,01539,sao paulo,SP
6e864f5c4669eff3d98140a07cc50202,05639,sao paulo,SP
6ec1a01e866584bb679eb9b098345919,11040,santos,SP
6edacfd9f9074789dad6d62ba7950b9c,07135,guarulhos,SP
6ee85be3693ed79a8e80718743d80655,03937,sao paulo,SP
6f892e20a171e98efe17fdb971ff319b,08270,sao paulo,SP
6fc26fe110feebd80a433e1f012a84f9,15601,fernandopolis,SP
6fd52c528dcb38be2eea044946b811f8,08180,sao paulo,SP
7008613ea464bad5cb9b83456e1e6a8f,89460,canoinhas,SC
701938c450705b8ae65fc923b70f35c7,15014,s jose do rio preto,SP
7040e82f899a04d1b434b795a43b4617,01026,sao paulo,SP
70849ca4f400aaabb62cb7462a6f1428,31210,belo horizonte,MG
709e16e2b25c7474d980076c6bfc4806,16200,birigui,SP
70a12e78e608ac31179aea7f8422044b,12327,jacarei,SP
70b52a4cfc823994561b00bad161b4ed,02727,sao paulo,SP
70c27847eca8195c983ed7e798c56743,20930,rio de janeiro,RJ
70ee69419916dc13e3aed619061f996c,08780,mogi das cruzes,SP
70eea00b476a314817cefde4aad4f89a,13250,itatiba,SP
71039d19d4303bf9054d69e9a9236699,03018,sao paulo,SP
710e3548e02bc1d2831dfc4f1b5b14d4,86600,rolandia,PR
712e6ed8aa4aa1fa65dab41fed5737e4,89560,videira,SC
7142540dd4c91e2237acb7e911c4eba2,16301,penapolis,SP
71592660bbcb6a4664e97b6f8b68babc,15055,sao jose do rio preto,SP
715bbd5ba4e6b74cb0d2f29eb45058b0,13930,serra negra,SP
7178f9f4dd81dcef02f62acdf8151e01,89560,videira,SC
7202e2ba20579a9bd1acb29e61fe71f6,14401,franca,SP
723cd880edaacdb998898b67c8f9da30,14940,ibitinga,SP
725c32fa80c2faacc4fc88450d27314e,03320,sao paulo,SP
7299e27ed73d2ad986de7f7c77d919fa,38440,araguari,MG
729b2d09b2a0bdab221076327f13d050,17320,mineiros do tiete,SP
729f06993dac8e860d4f02d7088ca48a,13481,limeira,SP
72bc2cce903c872fe376a8faaa81d237,04693,sao paulo,SP
730937bf88cb151eb2eb849f642fc213,13500,rio claro,SP
731ef20c231d9a7103a425e83fd91271,88501,lages - sc,SC
7357b52d27cbaa90f81a96cbc1279396,33400,lagoa santa,MG
73a63f72308aa20a46f4b1632018f196,82510,curitiba,PR
73b8eb4a9a729d4019b24ed1be748cbf,13070,campinas,SP
744dac408745240a2c2528fb1b6028f3,83408,colombo,PR
74c7dec0a384d8a05950e629bd23bde9,13845,mogi guacu,SP
750303a20e9c56b2a6bc45cdce0b897d,74333,goiania,GO
751bdc4d83a466c7206cd42e8f426b03,09405,ribeirao pires,SP
7586919161935337bf6b6d7ff5779648,21921,rio de janeiro,RJ
75d34ebb1bd0bd7dde40dd507b8169c3,41820,salvador,BA
75fbb52eda0cbc24f479d3b2fbfa8d3e,74560,goiania,GO
7681ef142fd2c19048da7430856b5588,07074,guarulhos,SP
768a86e36ad6aae3d03ee3c6433d61df,01529,sao paulo,SP
768de2a4fc06aacecb9a586ccc30746a,70645,brasilia,DF
76d5af76d0271110f9af36c92573f765,03194,sao paulo,SP
76ea5315acb3f5f7ade3cd261faf922a,04213,sao paulo,SP
7722b1df1b0e383e000397b2c11e3e19,09715,sao bernardo do campo,SP
77530e9772f57a62c906e1c21538ab82,80310,curitiba,PR
77a515caa36327151d1cc6c32a9f00e1,09912,diadema,SP
77e4abfd739aed9c46480f90f81c0eb4,70767,brasilia,DF
77fccaae319668a8ab6cd0fd16aec48c,28035,campos dos goytacazes,RJ
784ba75dd9d20200c4caed3d7a77141a,01040,sao paulo,SP
78744a20ee2f80ba64f6804c25def2b8,50751,recife,PE
788e857f317e53de488d393e65a80f45,08280,sao paulo,SP
7901646fdd36a55f564ffaf2dbccaaf7,20021,rio de janeiro,RJ
79565f7d5603b24ddf07ade262547f2f,14804,araraquara,SP
79a679c36c08d606b3fd47ead9de109b,02611,sao paulo,SP
79ebd9a61bac3eaf882805ed4ecfa12a,85802,cascavel,PR
79ed755314cfe6df0daef2c6cd3022cd,13503,rio claro,SP
7a241947449cc45dbfda4f9d0798d9d0,37590,jacutinga,MG
7a2d2949aea47fab95fd98d6c9f618b1,81350,curitiba,PR
7a425d299613df3e613bcf9d2eaf5c49,22790,rio de janeiro,RJ
7a67c85e85bb2ce8582c35f2203ad736,03426,sao paulo,SP
7aa4334be125fcdd2ba64b3180029f14,18500,laranjal paulista,SP
7aa538dd6e114e503a2e6154ea352253,15807,catanduva,SP
7ad32824caee82087b3e2e5f33b1bf32,14940,ibitinga,SP
7ade73f1b9b4e965f9009a4c3a7e2c15,17051,bauru,SP
7b07b3c7487f0ea825fc6df75abd658b,02016,sao paulo,SP
7b0df942f46435babab05d49b744b2c4,12924,braganca paulista,SP
7b98de631987e26dd6d803490c43a13c,87900,loanda,PR
7bac63f6603d382cc8d0832eb6c100a8,05713,sao paulo,SP
7bcd7c5f8631701474db233ccf1c094b,02047,sao paulo,SP
7c67e1448b00f6e969d365cea6b010ab,08577,itaquaquecetuba,SP
7d13fca15225358621be4086e1eb0964,14050,ribeirao preto,SP
7d456afc660226829370f3173d14520c,08820,mogi das cruzes,SP
7d76b645482be4a332374e8223836592,01511,sao paulo,SP
7dc8c42cc750eeafea6c85712ffee9bf,05424,sao paulo,SP
7ddcbb64b5bc1ef36ca8c151f6ec77df,04403,sao paulo,SP
7df1fc11cc5cbc518b39faa60cf5d67c,79112,campo grande,MS
7e1fb0a3ebfb01ffb3a7dae98bf3238d,14403,franca,SP
7e26c750b4cb9f6766f58265ff9ebe95,30270,belo horizonte,MG
7e3f87d16fb353f408d467e74fbd8014,04809,sao paulo,SP
7e93a43ef30c4f03f38b393420bc753a,06429,barueri,SP
7ea5bfa6c340f58f8e71fc1f0412b0d6,30180,belo horizonte,MG
7ecd59e5e20407131822c1a68ac59c1f,70719,brasilia,DF
7f152321c60a266edc53af1925ef96c1,88801,criciuma,SC
7f2617c58d5d06806987308b45654351,04571,sao paulo,SP
7f40d06aa0b5f1aa4f41af8c0480e2ef,13506,rio claro,SP
7f7b8245c336066a1f9933c359f11d77,13800,mogi mirim,SP
7fdb0720c8d7c9075538b365dc8c3a22,85904,toledo,PR
7ff588a03c2aeae4fbd23f9ae64b760d,07183,guarulhos,SP
800214c63934acd05d47e84214db8ba8,89251,jaragua do sul,SC
808d4348b916efa08e766ebad39f61eb,02336,sao paulo,SP
809413606dbfe5deefd2db646693ef67,04602,sao paulo,SP
80e6699fe29150b372a0c8a1ebf7dcc8,83323,pinhais,PR
813348c996469b40f2e028d5429d3495,13206,jundiai,SP
8160255418d5aaa7dbdc9f4c64ebda44,14940,ibitinga,SP
817245bcc3badd82bbd222e0366951a6,17056,bauru,SP
81a1104df0f08b59c68aa5b03cfe398e,83020,sao jose dos pinhais,PR
81f89e42267213cb94da7ddc301651da,19063,presidente prudente,SP
820cc752a266cdc6c1a1e61dd4583330,87050,maringa,PR
822166ed1e47908f7cfb49946d03c726,25803,tres rios,RJ
827f8f69dfa529c561901c4f2e0f332f,81880,curitiba,PR
82cb9f452fe8334df74b22d37824b431,95013,caxias do sul,RS
82e0a475a88cc9595229d8029273f045,03417,sao paulo,SP
83353a83fd769dfafa4f21a72b15e3e5,05786,sao paulo,SP
834f3294fba9f932f56edc879193f925,14808,araraquara,SP
834f8533b2ecb6598dd004ff3de7203a,05181,sao paulo,SP
835f0f7810c76831d6c7d24c7a646d4d,08030,sao paulo,SP
83deb69e889cf80f82be1dc6d5f2d486,88056,florianopolis,SC
83e197e95a1bbabc8c75e883ed016c47,25900,mage,RJ
8444e55c1f13cd5c179851e5ca5ebd00,37584,congonhal,MG
8476243f92442881ddd5b578975cf115,93700,campo bom,RS
85044848b1b767db2a4a58526adef4b4,06018,osasco,SP
850913d59ce317156b00f3705f1c3edb,12942,atibaia,SP
850f4f8af5ea87287ac68de36e29107f,04367,sao paulo,SP
851773c885feb5e2da3b4f82bc2b17ce,18683,lencois paulista,SP
855668e0971d4dfd7bef1b6a4133b41b,13257,itatiba,SP
8581055ce74af1daba164fdbd55a40de,07112,guarulhos,SP
85d9eb9ddc5d00ca9336a2219c97bb13,31255,belo horizonte,MG
8629c241b3622ac12cd4118afdc8d394,14090,ribeirao preto,SP
8648b1e89e9b349e32d3741b30ec737e,12308,jacarei,SP
866558b3bccef2dbc6d29a2b5995016f,86706,arapongas,PR
86ccac0b835037332a596a33b6949ee1,89041,blumenau,SC
870d0118f7a9d85960f29ad89d5d989a,37708,pocos de caldas,MG
87142160b41353c4e5fca2360caf6f92,90230,porto alegre,RS
87b740daf17b5d1be335a64164ec6842,08615,suzano,SP
87d3c3aeb3ead335511b3ce315eb341e,03059,sao paulo,SP
87e24fc7052259b1f7f607d61c10d8be,05734,sao paulo,SP
88460e8ebdecbfecb5f9601833981930,87030,maringa,PR
888faa8bfb0b159c37de6d898b961c31,88750,braco do norte,SC
891071be6ba827b591264c90c2ae8a63,03872,sao paulo,SP
8931a84a914b3fe9b1ddaa4d704947ca,08410,sao paulo,SP
897060da8b9a21f655304d50fd935913,14092,ribeirao preto,SP
89ad3263c0931c47f976d7c5778e60f6,05127,sao paulo,SP
89de2d6f23e9746ff309705b23581faa,86060,londrina,PR
89f69225956f951295ca4c7fb1266553,27700,vassouras,RJ
8a130737016f838139d31878787a39c9,03187,sao paulo,SP
8a207b6080964f3c1fc9d35bd6096ba4,15155,jaci,SP
8a2d12a90e92f012ce5226fc6592b653,81210,curitiba,PR
8a32e327fe2c1b3511609d81aaf9f042,02443,sao paulo,SP
8a40ae794fa3f9892cee24bd5af0488b,82620,curitiba,PR
8a432f4e5b471f8da497d7dc517666e2,19042,presidente prudente,SP
8ae520247981aa06bc94abddf5f46d34,88370,navegantes,SC
8b28d096634035667e8263d57ba3368c,12243,sao jose dos campos,SP
8b321bb669392f5163d04c59e235e066,01212,sao paulo,SP
8b8cfc8305aa441e4239358c9f6f2485,86020,londrina,PR
8b9d6eec4a7eb7d0f9d579ce0b38324d,26562,mesquita,RJ
8bb48dc19fccaa8613b6229bf7f452a2,19803,assis,SP
8bd0f31cf0a614c658f6763bd02dea69,01222,sao paulo,SP
8c16d1f32a54d92897cc437244442e1b,89023,blumenau,SC
8c3b533c63cca56240f94f1e3a6b18ef,31050,belo horizonte,MG
8cbac7e12637ed9cffa18c7875207478,89254,jaragua do sul,SC
8d79c8a04e42d722a75097ce5cbcf2ef,61658,caucaia,CE
8d956fec2e4337affcb520f56fd8cbfd,09780,sao bernardo do campo,SP
8e2b3afb420011ef0c88c9d5f11ea526,13060,campinas,SP
8e6cc767478edae941d9bd9eb778d77a,38442,araguari,MG
8e6d7754bc7e0f22c96d255ebda59eba,12233,sao jose dos campos,SP
8e8a7ce9f2f970dc00e2acf6f6e199f6,24710,sao goncalo,RJ
8f2ce03f928b567e3d56181ae20ae952,05141,pirituba,SP
8f78f0903005064036736c7173a5c2ed,36325,tiradentes,MG
8fbe2ee446b97e128471be4ce983dc0d,18103,sorocaba,SP
8ff1a9df749e454105c55cda13e79143,17509,marilia,SP
900ba814c251a692506d7834c1218441,13328,salto,SP
903037660cf848a717166eb7a06d616e,05734,sao paulo,SP
90b36c5aeb728d5504a39f435bef0c5f,13835,conchal,SP
916748bc99315c2d202898ae58b1617e,18040,sorocaba,SP
916c9de0b5ad957346eeeb12f332687e,80240,curitiba,PR
918717417d88a9f9ae9735567e6c7682,05547,sao paulo,SP
91f0eec23d4a61d7d7caeefa3f0ad1ca,88704,tubarao,SC
91f5779a8731baca4809fdeade81803f,27321,barra mansa,RJ
91f848e9f4be368f4318775aac733370,03029,sao paulo,SP
9261d76c62caaf0b24677c2ceb7f8f20,88138,palhoca,SC
92eb0f42c21942b6552362b9b114707d,03504,sao paulo,SP
9315e491484b1b0081ca166fc164108d,86039,londrina,PR
93b9a99027bd8bd6af682aff18dd19bf,07600,mairipora,SP
93dc87703c046b603023e75222018b45,30315,belo horizonte,MG
94144541854e298c2d976cb893b81343,94451,viamao,RS
941554c5757b73ba0e50aa7732310afc,04142,sao paulo,SP
94e93ce877be27a515118dbfd2c2be41,15502,votuporanga,SP
951e8cef368f09bb3f3d03c00ca4702c,14940,ibitinga,SP
955fee9216a65b617aa5c0531780ce60,04782,sao paulo,SP
9596c870880d900012f2e8e6e30d06d7,37074,varginha,MG
95e03ca3d4146e4011985981aeb959b9,21210,rio de janeiro,RJ
95ec4458365c4d11f452ccf538377619,13481,limeira,SP
95f83f51203c626648c875dd41874c7f,37564,borda da mata,MG
960945e1a9535cbc0cd6ddd35fbe7ae8,08290,sao paulo,SP
9616352088dcf83a7c06637f4ebf1c80,87504,umuarama,PR
9646c3513289980f17226a2fc4720dbd,12215,sao jose dos campos,SP
96493fab2fbb13a14d0c0e8772eef5c3,05537,sao paulo,SP
966cb4760537b1404caedd472cc610a5,09920,diadema,SP
9674754b5a0cb32b638cec001178f799,04438,sao paulo,SP
96804ea39d96eb908e7c3afdb671bb9e,38950,ibia,MG
968268a686aa05d1f529fb07dff08130,01530,sao paulo,SP
968ee78631915a63fef426d6733d7422,99700,erechim,RS
972d0f9cf61b499a4812cf0bfa3ad3c4,88359,brusque,SC
974cf2cb8f4b7add98709c30df02fe10,14802,araraquara,SP
9853a239ab7b7ebbdc3a21248d5b8e1f,83602,campo largo,PR
98dac6635aee4995d501a3972e047414,02030,sao paulo,SP
99002261c568a84cce14d43fcffb43ea,78095,cuiaba,MT
9906e7aa42a3c067b7c9a564d01c4320,87065,maringa,PR
994f04b3718c2bab35c2adfa8afecd2a,13912,jaguariuna,SP
99a54764c341d5dc80b4a8fac4eba3fb,03273,sao paulo,SP
99cd94252748d2bdde08e17858233602,12401,sao paulo,SP
99eaacc9e6046db1c82b163c5f84869f,14400,franca,SP
9a84ba99f5367fdbd4598363496f1ea2,72801,luziania,GO
9add47bf45ce8e8c7db6b9cf670b1e09,83830,fazenda rio grande,PR
9b00ed88b7fdb95d6ff76e27c1b52d16,08215,sao paulo,SP
9b013e03b2ab786505a1d3b5c0756754,11450,vicente de carvalho,SP
9bc484c87d79cd4874e05ca182658045,02422,sao paulo,SP
9bcdfa7b615b3abb9461d9e3ad9886ae,89053,blumenau,SC
9c068d10aca38e85c50202e17b4a7e88,79400,coxim,MS
9c0e69c7bf2619675bbadf47b43f655a,12230,sao jose dos campos,SP
9c690ceacd5c66731bf443ea810195cb,37650,camanducaia,MG
9c7fd21e0aa159b20da593371f08ff7c,06180,osasco,SP
9d4db00d65d7760644ac0c14edb5fd86,18025,sorocaba,SP
9d5a9018aee56acb367ba9c3f05d1d6a,74930,aparecida de goiania,GO
9d681c7e12db302cb261e721040dde65,80330,curitiba,PR
9dc79dd988ac42f4d56c340d7048420a,03569,sao paulo,SP
9dd459b29a14bf89d47183cf2cd0e4c7,04716,sao paulo,SP
9dd59e43f0c9f0553244e8f9c2fb247e,85851,foz do iguacu,PR
9dda5bbacd45e18d6485fee649205d09,37540,santa rita do sapucai,MG
9de4643a8dbde634fe55621059d92273,89225,joinville,SC
9e6229250fedbe05838fef417b74e7fb,16800,mirandopolis,SP
9e7c5f4d7770eab65738cca38f9efccf,02562,sao paulo,SP
9f50216bfd01913736a55a11b55ea842,12020,taubate,SP
9f505651f4a6abe901a56cdc21508025,04102,sao paulo,SP
a0415d9b25ede3c4b1e477e9916ffc03,26255,nova iguacu,RJ
a066df7361163e7ddc5d7452dd17448b,14401,franca,SP
a080fc8a850289b27500f6b49cca2553,03382,sao paulo,SP
a09a13f18ed27932d08438aa6f12756e,93800,sapiranga,RS
a1043bafd471dff536d0c462352beb48,37175,ilicinea,MG
a13580f0e8f782b7a543885a0ef99f08,22790,rio de janeiro,RJ
a1474fd46fd3430168f7ec202da39408,83321,pinhais,SP
a1544b9ea0b2390e020537d4daa89049,13211,jundiai,SP
a154d7316f158bb42e6fa18bbe3afd3a,03804,sao paulo,SP
a17f621c590ea0fab3d5d883e1630ec6,18055,sorocaba,SP
a20d8058c866dbaeca014d2cd20ac62e,12209,sao jose dos campos,SP
a218df5c097b0ca409cfaac1488cc7f6,14806,araraquara,SP
a2b5b6105ea5942300631d2e76f4ffe0,06283,osasco,SP
a2deecd5398f5df4987110c80a1972a3,05043,sao paulo,SP
a2e874074c877c5a05abae80ad6e488f,15070,sao jose do rio preto,SP
a35124e2d763d7ca3fbe3b97d143200f,04041,sao paulo,SP
a369d693961cb93b61ca2cc518872a85,15081,sao jose do rio preto,SP
a36ac007a4d18f865c8d32c3b2402c2d,06455,barueri,SP
a36b125ac6d5fdbc7f50de85c9157bdc,14020,ribeirao preto,SP
a37c340b91cb0169e8b029db6440fba2,04424,sao paulo,SP
a3a38f4affed601eb87a97788c949667,89204,joinville,SC
a3dd39f583bc80bd8c5901c95878921e,41342,salvador,BA
a3e9a2c700480d9bb01fba070ba80a0e,14940,ibitinga,SP
a3f0b55de503387383c7b1de3ad7f678,82400,curitiba,PR
a416b6a846a11724393025641d4edd5e,03702,sao paulo,SP
a420f60ff1aa9acc80d0e42959f2b313,05138,sao paulo,SP
a425f92c199eb576938df686728acd20,81050,curitiba,PR
a44fb5a447105f8469bdf16bf9159f25,91920,porto alegre,RS
a49928bcdf77c55c6d6e05e09a9b4ca5,03017,sao paulo,SP
a4b6b9b992b46e9ef863637af96e04bc,88090,florianopolis,SC
a513150f33f99a06569e9cd5c4bb889b,01545,sao paulo,SP
a5a1bfcf728ab0e19182959cf0771ee4,13960,socorro,SP
a5cba26a62b8b4d0145b68b841e62e7f,87303,campo mourao,PR
a673821011d0cec28146ea42f5ab767f,03809,sao paulo,SP
a6bd7d1ccdac48c6b33b28596b7eb122,58280,mamanguape,PB
a6fe7de3d16f6149ffe280349a8535a0,14401,franca,SP
a70e9066dbfd10b6b97a3f54a1356762,86975,mandaguari,PR
a7c88262832dfc683781d6a421edefae,08710,mogi das cruzes,SP
a7f13822ceb966b076af67121f87b063,08577,itaquaquecetuba,SP
a888faf2d1baececa6baf9c3d603ee1f,87502,umuarama,PR
aa17b35ce4de7b565be3249ba838944f,13214,jundiai,SP
aac29b1b99776be73c3049939652091d,38408,uberlandia,MG
aac51c486b672a9850d59f3e84b1cf88,02752,sao paulo,SP
aae3bfea055532c57fb453ed3ec80b30,09271,santo andre,SP
aae5e7b457a3c72ee230a47d98fceda5,83040,sao jose dos pinhas,PR
aaed1309374718fdd995ee4c58c9dfcd,89120,timbo,SC
aafe36600ce604f205b86b5084d3d767,88115,sao jose,SC
aba1721a889e04decc910aa13b768ef4,05729,sao paulo,SP
abc015ebac1d283a323ca9db35ede4b9,14055,ribeirao preto,SP
abcd2cb37d46c2c8fb1bf071c859fc5b,78020,cuiaba,MT
abe42c5d03695b4257b5c6cbf4e6784e,21235,rio de janeiro,RJ
ac137bac82ffa8548e62bd9d01d2a14f,03631,sao paulo,SP
ac3508719a1d8f5b7614b798f70af136,92030,canoas,RS
acadd4d36859671cb635527c6c977533,14270,santa rosa de viterbo,SP
acce39e832338debb07b02385cde5967,32110,contagem,MG
aced59e9b31ef866a94f9e7f29d8d418,03306,sao paulo,SP
acf974e4d5950ad143a247471b831eb9,95059,caxias do sul,RS
ad273c9eb54ecb4532de4bf75bae9e4e,80420,curitiba,PR
ad420dd0c4f92f8af951ac24b86d0cf5,38230,fronteira,MG
ad781527c93d00d89a11eecd9dcad7c1,15015,sao jose do rio preto,SP
adbc26658d6c7b4b6219f9d934598091,81770,curitiba,PR
adcf50477d6a1f5d91bb9d54c4903cb5,35530,claudio,MG
ae45df84722b1d15c5f32b23a095746c,03062,sao paulo,SP
af3ef48d0e13835e529c29ac573c63e5,14802,araraquara,SP
af4a0e4cfe1d9c26b6712b1be25a72e5,35670,mateus leme,MG
af7cdac9d9897cddead9c6b08976c642,18500,laranjal paulista,SP
afac9f6b0c4e5f0a7ee87e922cd0f873,17047,bauru,SP
b080809eaacb49e5ca07290981472431,30431,belo horizonte,MG
b0f2a6122a90a93eb03e68653dd960e3,80710,curitiba,PR
b1204cfda1d4948679db3cfc0d3cb95c,07170,guarulhos,SP
b127efdabeffb5d559349c7b172eb75d,04308,sao paulo,SP
b14db04aa7881970e83ffa9426897925,18048,sorocaba,SP
b16d3dadc47d4eb18be3d88bad0775ce,93608,estancia velha,RS
b17b679f4f5ce2e03ce6968c62648246,14090,ribeirao preto,SP
b18dc380845b24038cfc48006478f099,09951,diadema,SP
b19f3ca2ea475913750f25a5c37c8d8f,35501,divinopolis,MG
b1a81260566c1bac3114a6d124413f27,99500,carazinho,RS
b1aaae6b66ad3c40f54b389d7ea4bee0,04714,sao paulo,SP
b1ac6ea7895bc3dd6f0f6f4abbdd2821,92030,canoas,RS
b1b3948701c5c72445495bd161b83a4c,03390,sao paulo,SP
b1fc4f64df5a0e8b6913ab38803c57a9,24440,sao goncalo,RJ
b2479f944e1b90cf8a5de1bbfde284d6,14940,ibitinga,SP
b2a6d334e2833acea353624840e25a0e,04133,sao paulo,SP
b2ac621f0d0322434d04a12b078b9369,80220,curitiba,PR
b2ba3715d723d245138f291a6fe42594,03470,sao paulo,SP
b32be1695eb7ec5f10f72d9610a12527,95012,caxias do sul,RS
b335c59ab742f751a85db9c411a86739,38442,araguari,MG
b33aaadd1a8891d2dfef0c4c3bdf0371,13481,limeira,SP
b33e7c55446eabf8fe1a42d037ac7d6d,14850,pradopolis,SP
b372ee768ed69e46ca8cdbd267aa7a38,15013,sao jose do rio preto,SP
b39d7fe263ef469605dbb32608aee0af,14940,ibitinga,SP
b410bdd36d5db7a65dcd42b7ead933b8,74645,goiania,GO
b45d7ebfb7378630f1bcd74b6ff86ff7,30285,belo horizonte,MG
b494891378bd8f4560abe576c52deacd,04160,sao paulo,SP
b499c00f28f4b7069ff6550af8c1348a,13481,limeira,SP
b4a476fbd28de64b1e347abf9089366a,06653,itapevi,SP
b4f8921fcc4ff77b66bea6dda43dcd51,95034,caxias do sul,RS
b4ffb71f0cb1b1c3d63fad021ecf93e1,03880,sao paulo,SP
b561927807645834b59ef0d16ba55a24,02955,sao paulo,SP
b566ab0ef88016e00422755e305103c6,37640,extrema,MG
b56906f7fd1696e043f1bcce164c487b,19830,echapora,SP
b6e1504972665f739dec4facb9943775,13405,piracicaba,SP
b74d1c09cb380e1d03a6f859c6f4224b,20061,rio de janeiro,RJ
b76dba6c951ab00dc4edf0a1aa88037e,03237,sao paulo,SP
b7cc6c5e001441ae8cdd5c69a480cbe4,89520,curitibanos,SC
b7d5b4b87af9d42b601865d3f3810bff,88020,florianopolis,SC
b7ed9fb14c8eadb37adb9c45d67ab0fb,12331,jacarei,SP
b839e41795b7f3ad94cc2014a52f6796,09541,sao caetano do sul,SP
b83cedfb587e7911540e3f576d6917ce,04870,sao paulo,SP
b8555308bfdb4ca1ed54325a58da9a97,09751,sao bernardo do campo,SP
b86a47b3366e3b5424a7b225781f4908,37900,passos,MG
b87a7ea0c30fad2dd6781b74a0064859,04133,sao paulo,SP
b8bc237ba3788b23da09c0f1f3a3288c,88303,itajai,SC
b90e891671cffd9557f33a97dc523645,83010,sao jose dos pinhais,PR
b92e3c8f9738272ff7c59e111e108d7c,36502,uba,MG
b94cc9f10ddc85e4ba73a6f7974e7101,27930,macae,RJ
b98b715fe9e276204e2a3464f48cd796,03827,sao paulo,SP
b9a03475e6447e631b6799ec8274800f,85830,formosa do oeste,PR
b9ca8e8baa5d4aa038394a700f63e69f,03001,sao paulo,SP
ba143b05f0110f0dc71ad71b4466ce92,02274,sao paulo,SP
ba6b4a237f92479743cf0ca06b67a9ac,23550,rio de janeiro,RJ
ba90964cff9b9e0e6f32b23b82465f7b,07140,guarulhos,SP
bacb1f0ed56ad24198f5810d2b3fe9a5,12328,jacarei,SP
bafc5aa11e413978be29040f51342e70,30130,belo horizonte,MG
bb135baca94c82fcb731335ad5b04a03,04362,sao paulo,SP
bba74270a87732727b5a3b4fd9ac1c39,32604,betim,MG
bbad7e518d7af88a0897397ffdca1979,01512,sao paulo,SP
bbaff50f3b708fda865918715276cd87,12940,atibaia,SP
bc47d5d1490df2b36add65d733eafaba,09163,santo andre,SP
bccf933e006e9b94a6184af782963e77,19806,assis,SP
bce6a5ecf98e99fd2a8868b15c51f04b,07180,guarulhos,SP
bd0389da23d89b726abf911cccc54596,71691,brasilia,DF
bd149ed516d4c5d418d5781f8e18919f,07241,guarulhos,SP
bd15ee794d5e640d9dd71b665b2ab15b,14078,ribeirao preto,SP
bd23da7354813347129d751591d1a6e2,03971,sao paulo,SP
bd4889b5e9133b35b66e42a8665cea5c,02963,sao paulo,SP
bd697db56ff8e7c9cd1abeb7f72029b2,03533,sao paulo,SP
bdb3edbaee43a761e2d4f258dc08f348,18680,lencois paulista,SP
bdf0d02d36a1d839d0c39c4a887cdd49,16200,birigui,SP
be8e909810184b9b19e886129149d8e5,13418,piracicaba,SP
beadbee30901a7f61d031b6b686095ad,07097,guarulhos,SP
bec568278124768c474ee90971ca94d1,03553,sao paulo,SP
bede56095ba33c42038fb85f707b8a42,13271,valinhos,SP
bf00385a5f7fc1ef39a13c2e9ee50a5f,01224,sao paulo,SP
bf100ecb7997df312b285358fb32f92c,83070,sao jose dos pinhais,PR
bf84056e679dbe9c69929847a40e338f,02537,sao paulo,SP
bfd27a966d91cfaafdb25d076585f0da,13930,serra negra,SP
c003204e1ab016dfa150abc119207b24,07790,cajamar,SP
c013e57c075a06e5b5c48ee03c525719,13568,sao carlos,SP
c03121937e54a93fcc1825c3098bbb6e,82800,curitiba,PR
c0563dd588b775f2e37747ef6ad6c92c,09220,santo andre,SP
c0aff2da32c17759d30b22fb0af6649d,88032,florianopolis,SC
c12b92bf1c350f3e6bf88d3596219c86,17400,garca,SP
c1ed9e3daf6154542826a6996af0fb8c,88308,itajai,SC
c1f12f926d0ba950578b4fa41115cbb6,04317,sao paulo,SP
c2d70ce2c5d0a2eb75e78668236e6dc8,04275,sao paulo,SP
c31eff8334d6b3047ed34bebd4d62c36,13322,salto,SP
c3251e13f1bbda6c74e37c160f991e19,13660,porto ferreira,SP
c33847515fa6305ce6feb1e818569f13,88359,brusque,SC
c35672b10ad50968f567ea3f4b91e877,26551,mesquita,RJ
c37b2059d4f90d4feead554e5246565e,05170,sao paulo,SP
c3867b4666c7d76867627c2f7fb22e21,14580,guara,SP
c3cfdc648177fdbbbb35635a37472c53,80610,curitiba,PR
c3e1abd72a42fe690fcd89cf5720fe29,13840,mogi guacu,SP
c3ee2331a724e6fc02c4b698b57a73f3,05108,sao paulo,SP
c3fe93ba3085f92855c97e57f38c8c05,81510,curitiba,PR
c4d51195486dc781531876a7d00453d8,19023,presidente prudente,SP
c4fabeea6e569d42d02993bb1f4f1cbc,60741,fortaleza,CE
c4fb51fb1c5b7c07bc5e67be6e7e8f6e,80060,curitiba,PR
c54679b132454625907c773d273d4126,11443,guaruja,SP
c5f7feb04a6a1fb3596322bfc3cf1917,09571,sao caetano do sul,SP
c60b801f2d52c7f7f91de00870882a75,07174,guarulhos,SP
c6381d2d013342748761e906d45aff76,93180,portao,RS
c64a2aec32cc408a8a4c6d7c46017f91,95625,imbe,RS
c66dccfb3f109511246da627dd5a2498,11900,registro,SP
c679fb69a36e1d8349e8c50a217b4d58,95020,caxias do sul,RS
c68fb906c8f4b4b946d8386bfa6e5467,14870,jaboticabal,SP
c6bda72e4dbf5c5866b13cb1810c6d03,03087,sao paulo,SP
c70c1b0d8ca86052f45a432a38b73958,13186,hortolandia,SP
c72de06d72748d1a0dfb2125be43ba63,46430,guanambi,BA
c731d18cea9bf687ffee82a241c25b11,89701,concordia,SC
c7fdb77fdbff3c41981bc52f787e959e,09111,santo andre,SP
c826c40d7b19f62a09e2d7c5e7295ee2,07133,guarulhos,SP
c840d3fdbba0790404fdae73d253b253,81530,curitiba,PR
c84592044b180dec206770c38603814b,01026,sao paulo,SP
c847e075301870dd144a116762eaff9a,38022,uberaba,MG
c85d7b477a709c85a1e8b8f25aa1b270,09640,sao bernardo do campo,SP
c864036feaab8c1659f65ea4faebe1da,83605,campo largo,PR
c8b0e2b0a7095e5d8219575d5e7e1181,08598,itaquaquecetuba,SP
c8b3445d737de6befde0c88ede534a5e,05734,sao paulo,SP
c963a25b8671419c6ce9eebe8fd03218,23943,angra dos reis rj,RJ
c990d6cf976a5718aaedc539f383ab88,13145,paulinia,SP
c9aafcd0621b2207c10e32c649cada4d,08011,sao paulo,SP
c9c7905cffc4ef9ff9f113554423e671,06871,itapecerica da serra,SP
ca3bd7cd9f149df75950150d010fe4a2,04361,sao paulo,SP
cab85505710c7cb9b720bceb52b01cee,02252,sao paulo,SP
cac4c8e7b1ca6252d8f20b2fc1a2e4af,13347,indaiatuba,SP
cac63f48c38cd7d002a7e846dcd99a23,13170,sumare,SP
cad10cc982ab6a391570c211b995c17c,18701,avare,SP
cb3dd9ce66268c7a3ca7241ac70ab58c,03028,sao paulo,SP
cb6c9f5888a7a090c75beaf615925792,29100,vila velha,ES
cb8bcce248bb1fb274ba762d8b971456,37540,santa rita do sapucai,MG
cbbd5ae8f53de5f5097cd8217b529e24,06544,santana de parnaiba,SP
cbd996ad3c1b7dc71fd0e5f5df9087e2,15081,sao jose do rio preto,SP
cbf09e831b0c11f6f23ffb51004db972,09726,sbc/sp,SP
cc3d14116804f7209f3884f6367f1152,82940,curitiba,PR
cc419e0650a3c5ba77189a1882b7556a,09015,santo andre,SP
cc5a78bbad32776dc4e3af205218368c,35501,divinopolis,MG
cc63f0dd2acba93ffed4fe9f8e0321fa,15025,sao jose do rio preto,SP
cca3071e3e9bb7d12640c9fbe2301306,14940,ibitinga,SP
ccb83a794700270fde70898fe9ff368b,88960,sombrio,SC
ccc4bbb5f32a6ab2b7066a4130f114e3,80310,curitiba,PR
cce6ab8d1682639fe45ab70234f1665f,81020,curitiba,SP
ccf8813e5a7d6c84d865cd38bfc2b130,12080,taubate,SP
cd06602b43d8800bd0afad514919d35c,04119,sao paulo,SP
cd3d09fbe6e3e9ff0c0ac0c300e93ae7,13380,nova odessa,SP
cd52a8efd71af3336b14b5039b951cc1,88136,palhoca,SP
cd68562d3f44870c08922d380acae552,14050,ribeirao preto,SP
cda598c48d7c614bc1cad7d8ff6f0010,15137,mirassol,SP
ce248b21cb2adc36282ede306b7660e5,89251,jaragua do sul,SC
ce27a3cc3c8cc1ea79d11e561e9bebb6,03006,sao paulo,SP
ce7d1888639e6fb06b2749cbfdac1ff7,37443,baependi,MG
cea729054f157f5870bdd321a958d994,03161,sao paulo,SP
ceaec5548eefc6e23e6607c5435102e7,03821,sao paulo,SP
cee48807215b30a12ca2ca10ffb5f250,11431,guaruja,SP
cf654707ed6a99f112c7ec3d6f314b8b,04615,sao paulo,SP
cf8ab1616079e2793aa29d524df01bb1,04088,sao paulo,SP
cfb1a033743668a192316f3c6d1d2671,18110,votorantim,SP
cfe94489ddd337d1e29e12f2a7205d10,03178,sao paulo,SP
d03698c2efd04a549382afa6623e27fb,45658,ilheus,BA
d05ae8f7a5bd1d2a690a44cd079e4e27,22775,rio de janeiro,RJ
d06d019f72a04e5497a0b64190af170c,06703,cotia,SP
d0d70d21e2234dd7cd3cf63fe414148a,58865,sao bento,PB
d12c926d74ceff0a90a21184466ce161,02634,sao paulo,SP
d13e50eaa47b4cbe9eb81465865d8cfc,09210,santo andre,SP
d17f467e4bf608a510c20d82f4ba3b6b,95098,caxias do sul,RS
d1b65fc7debc3361ea86b5f14c68d2e2,13844,mogi guacu,SP
d1c281d3ae149232351cd8c8cc885f0d,14940,ibitinga,SP
d1ef48b38baca7e831711c4a0aeb398f,86800,apucarana,PR
d20b021d3efdf267a402c402a48ea64b,14940,ibitinga,SP
d2374cbcbb3ca4ab1086534108cc3ab7,14940,ibitinga,SP
d29ba1220fb8634fa3a107e54497b8a4,13560,sao carlos,SP
d2e753bb80b7d4faa77483ed00edc8ca,45810,porto seguro,BA
d354c38a7182125a748cb10474fe963b,28495,aperibe,RJ
d36b07fd3c5088e477a72d1fccfe29d4,18200,itapetininga,SP
d379f449f2a3b271bc01c0782020f705,35500,divinopolis,MG
d4910f1cdcfdabd48d6b316e395d4a23,09190,santo andre,SP
d4e12e7884759a14fa0f5f896c791cae,02242,sao paulo,SP
d4e4b5192cba4e0e66eb12a9d347239d,85904,toledo,PR
d4ffeb15b67e81ff9af2b4252d99fb7e,12943,atibaia,SP
d50d79cb34e38265a8649c383dcffd48,08290,sao paulo,SP
d51e0a403fe2e689ece6c73359d96e12,17580,pompeia,SP
d566c37fa119d5e66c4e9052e83ee4ea,04131,sao paulo,SP
d57e18d5f73c7ccb7f7339b61166898d,03613,sao paulo,SP
d594982fd877af63ace38ea1fca27c76,01031,sao paulo,SP
d5ba419e26d246a0719437cf37d9b46d,03437,sao paulo,SP
d5c530f4884a75ae0dba9c148718d278,35660,centro,MG
d624126b9206f595fb3fbb6ba03b28a8,80045,curitiba,PR
d63c73efd41eb002280e7ec831424edb,13405,piracicaba,SP
d650b663c3b5f6fb392b6326366efa9a,06713,cotia,SP
d65f31d2413268e671989503f6cf9993,13160,artur nogueira,SP
d66c11a9572221d92fbb8c4897db5f9b,20770,rio de janeiro,RJ
d673a59aac7a70d8b01e6902bf090a11,14940,ibitinga,SP
d6b1ce66b035a475f00c017792ff9769,13327,salto,SP
d71d863e5ef30d94e440c11be17dcd8f,06144,osasco,SP
d7485b33791774c36108f8c69602d48d,81020,curitiba,PR
d79e8478eed9999493990b44955fb22e,20081,rio de janeiro / rio de janeiro,RJ
d7f1cfc638473be93baedbfd02208016,26112,belford roxo,RJ
d8bf0fc082fd4a77fc2e5679b6c00133,03184,sao paulo,SP
d8cf3b6a2151949f930d0252b180ec42,87160,mandaguacu,PR
d8d9567d0bfb0bc7eb845a205ba42657,03688,sao paulo,SP
d91fb3b7d041e83b64a00a3edfb37e4f,11704,praia grande,SP
d921b68bf747894be13a97ae52b0f386,35570,formiga,MG
d93844a9c55ba7ce353388bcf849ea56,82320,curitiba,PR
d93919c944be9cff128f6c9cb899eacb,13375,mombuca,SP
d93b8458c6fe139d85cfa5eadbf55bd2,02238,sao paulo,SP
d94a40fd42351c259927028d163af842,37443,baependi,MG
d97df38225e5abadaff1e72cb72b823c,09560,sao caetano do sul,SP
d98eec89afa3380e14463da2aabaea72,90010,porto alegre,RS
d9a84e1403de8da0c3aa531d6d108ba6,03562,sao paulo,SP
d9bd94811c3338dceb4181f3dbc0c73e,04186,sao paulo,SP
d9cd369bffa979d1634f8e1318bf2f1b,15115,bady bassitt,SP
d9e8c084b68fe958861d8f2c21202e6b,05528,sao paulo,SP
da6a60cc8cc724fe51be021ff8be779c,28941,sao pedro da aldeia,RJ
da8622b14eb17ae2831f4ac5b9dab84a,13405,piracicaba,SP
daeb5653dd96c1b11860f72209795012,31310,belo horizonte,MG
daf565f087a52def0fd5c5825b3661bc,88350,brusque,SC
db2956745b3a8e9f3785c99f34b5d25e,11600,sao sebastiao,SP
db4350fd57ae30082dec7acbaacc17f9,03126,sao paulo,SP
dbb9b48c841a0e39e21f98e1a6b2ec3e,03929,sao paulo,SP
dbc22125167c298ef99da25668e1011f,37564,borda da mata,MG
dbd66278cbfe1aa1000f90a217ca4695,05588,sao paulo,SP
dbec9a0a7efeff029d4d9dce7dc4cc95,31920,belo horizonte,MG
dc317f341ab0e22f39acbd9dbf9b4a1f,94910,cachoeirinha,RS
dc4a0fc896dc34b0d5bfec8438291c80,14940,ibitinga,SP
dc8798cbf453b7e0f98745e396cc5616,05455,sao paulo,SP
dd2bdf855a9172734fbc3744021ae9b9,31255,belo horizonte,MG
dd533b429f380718b70ad9922c294bae,14781,barretos,SP
dd55f1bb788714a40e7954c3be6df745,01021,sao paulo,SP
dd7ddc04e1b6c2c614352b383efe2d36,03471,sao paulo,SP
de09d00cfc265b8804c7df34075a68fa,02118,sao paulo,SP
de23c3b98a88888289c6f5cc1209054a,05530,sao paulo,SP
de66a66f2dd06bb9ec37aa96987466a3,20910,rio de janeiro,RJ
de722cd6dad950a92b7d4f82673f8833,51250,recife,PE
dee656f0f566ed1aa85bd137c943f08f,12701,cruzeiro,SP
df0f42bc4c2142eacf0eaf2cffd0cfbb,88306,itajai,SC
df560393f3a51e74553ab94004ba5c87,87900,loanda,PR
df91910b6a03bb2e3358fa6a35e32f6f,09560,sao paulo,SP
dfa0c4c6229ab200a4a1336b4d7128ff,88085,florianopolis,SC
dfc475d54e1b6dbeeb7d7d9bdaa63827,81460,curitiba,PR
dfc5fb7259bb2b599ca565e6e9448f0f,09780,sao bernardo do campo,SP
e067ad2c1c0b48758eb1b5228bcf7a68,11045,santos,SP
e06f09ec0a4aca210779cf1cfc63cf19,04773,sao paulo,SP
e0878efa0e0b7e5313ac0b43bc04c081,80230,curitiba,PR
e0a366315b1b726b6c7832d664c0f530,02258,sao paulo,SP
e1b12447a7563944843191754aeb5562,07145,guarulhos,SP
e26901d5ab434ce92fd9b5c256820a4e,09350,maua,SP
e2aee0892199b1d92530e371abd825bf,86600,rolandia,PR
e333046ce6517bd8bb510291d44f0130,18950,ipaussu,SP
e38db885400cd35c71dfd162f2c1dbcf,70740,brasilia,DF
e48b04bf1aa1ef711caebeb7aede6180,80240,curitiba,PR
e5475dcab1e07b63d7f6e902d8f5eda8,09921,diadema,SP
e59aa562b9f8076dd550fcddf0e73491,82810,curitiba,PR
e59e489e2ea74bd409b798b5daf49de3,87060,maringa,PR
e5a3438891c0bfdb9394643f95273d8e,13483,limeira,SP
e5a38146df062edaf55c38afa99e42dc,01233,sao paulo,SP
e5c84227854980f1db19a58958c551d9,83823,fazenda rio grande,PR
e5e33c0d8e7e002f398f5dc4cbbb338f,17032,bauru,SP
e5f9e61ceb5f523cc966e0f34095032f,88353,brusque,SC
e62b2d6ac10570a035a30bafcf01d263,05767,sao paulo,SP
e63e8bfa530fb16910dd6956e592bb81,07160,guarulhos,SP
e64d65bc8dbec2accda90c58de5d1246,13500,rio claro,SP
e6a69c4a27dfdd98ffe5aa757ad744bc,04424,sao paulo,SP
e7df4cd29ab5abab70fb0783ddb53987,04122,sao paulo,SP
e82de6494d91d3c4c54450f59b227a94,14940,ibitinga,SP
e882b2a25a10b9c057cc49695f222c19,25963,teresopolis,RJ
e883aa812c37a7413226856f4579fe91,06696,itapevi,SP
e88c9b79e592e370d6bd852eeefbf057,85501,pato branco,PR
e89c4adbe7b1d0819dbb636e16461cf1,13347,indaiatuba,SP
e8a85b5f3df47be0984c55fd4064dbb4,71825,brasilia,DF
e8b3a3a38279a82f0e5d006d5e5b7d2c,87230,jussara,PR
e8dba4d70f7f2b20e775d09cae01142d,13456,santa barbara d oeste,SP
e8f6dc8e6a1dcde89d20e3995c8d90b3,03476,sao paulo,SP
e9511df20ccd82658a30c37b7fb343af,17026,bauru,SP
e96498ed8daaa3e9c23f7a62da76591c,05373,sao paulo,SP
e9729944ba65dc3ce425e0c5a22ae7b2,25730,petropolis,RJ
e9779976487b77c6d4ac45f75ec7afe9,11701,praia grande,SP
e99e927c81e3f51739c94fcdfca9f10f,38400,uberlandia,MG
e9bc59e7b60fc3063eb2290deda4cced,87083,maringa,PR
e9c6969d40e6a3d2d0f90013165c2b98,03448,sao paulo,SP
e9d99831abad74458942f21e16f33f92,03542,sao paulo,SP
ea566164622c6b439516ab18062c42cd,05303,sao  paulo,SP
ea65d8b58316a6f2362f2a9e4b3e86ad,13030,campinas,SP
ea6b12bf9ffe2bac34602ec631d97a47,07093,guarulhos,SP
ea8482cd71df3c1969d7b9473ff13abc,04160,sao paulo,SP
ead2bab70821ea148476ae9bc08548ac,31980,belo horizonte,MG
eaf6d55068dea77334e8477d3878d89e,04660,sao paulo,SP
eb3071b9f0b0ddaa2df5ea130f09f26b,04281,sao paulo,SP
eb4df17aed01d918c65f0f8d650900c0,13140,paulinia,SP
eb5b6204dde3a6e03b5f1bb8479f055b,06900,embu guacu,SP
ebd2d60905fb58271facef5596b620d3,18683,lencois paulista,SP
ec4608a1f76453166bb312b2968aeaf4,13660,porto ferreira,SP
ec8879960bd2221d5c32f8e12f7da711,13253,itatiba,SP
ecccfa2bb93b34a3bf033cc5d1dcdc69,81810,curitiba,PR
ececbfcff9804a2d6b40f589df8eef2b,14407,franca,SP
ed4311e67debd72b8610a5347a743087,07170,guarulhos,SP
ed859002ad59dbf8cf3602696a6c3000,86035,londrina,PR
edb1ef5e36e0c8cd84eb3c9b003e486d,25957,teresopolis,RJ
edd066cd02126d7800f9b66e980e9931,70070,brasilia,DF
ede0c03645598cdfc63ca8237acbe73d,14092,ribeirao preto,SP
edf96ef93ed595084bbcbd9224bd2894,01545,sao paulo,SP
eeb6de78f79159600292e314a77cbd18,88501,lages,SC
eed78ac17f7f795a19a709745f00cd4e,18608,botucatu,SP
ef0ace09169ac090589d85746e3e036f,24451,sao goncalo,RJ
ef2fbc2b607d8492bcffe657a4645434,20051,rio de janeiro,RJ
ef30892870c278497523264be1be2241,14801,araraquara,SP
ef506c96320abeedfb894c34db06f478,03569,sao paulo,SP
ef990a83bbea832f36ebe81376335aa8,89214,joinville,SC
efcd8d2104f1a05d028af7bad20d974b,16012,aracatuba,SP
f00e21b1e91a79653163b7fd8f293ff1,37795,andradas,SP
f08c008c8a8d31417763738a1788a2a8,85875,santa terezinha de itaipu,PR
f0b47fbbc6dee9aafe415a6e33051b3f,09360,maua,SP
f0e103c63864d5405b958d984b6e94c9,06150,osasco,SP
f12ff17ad8bbf01ec5c33b17e506649b,03186,sao paulo,SP
f18112da765e0971ca5d510dec322bdd,88351,brusque,SC
f181738b150df1f37cb0bd72e705b193,06317,carapicuiba,SP
f1ed6bd0a9b11b581f16c851c6a5a527,90240,porto alegre,RS
f214d28e8d8e3ef068748498ccc2f813,03872,sao paulo,SP
f262cbc1c910c83959f849465454ddd3,03564,sao paulo,SP
f266295f49a28eee21f413e0cbb0521d,84020,ponta grossa,PR
f27e33c6d29b5138fa9967bcd445b6d5,04273,sao paulo,SP
f3295428338a40977a03f555246a70f4,29032,vitoria,ES
f35becee938e982bd615edf8ef12bcfb,19160,alvares machado,SP
f3b80352b986ab4d1057a4b724be19d0,71200,brasilia,DF
f3c38ab652836d21de61fb8314b69182,01206,sao paulo,SP
f3da5b2ff499efb8d4a6d371d175d7dd,02407,sao paulo,SP
f41ce2e25237f9092cd8e6e7516c7a2f,07013,guarulhos,SP
f435898e493ba0356019a0b1cb8b55b1,81720,curitiba,PR
f45122a9ab94eb4f3f8953578bc0c560,13419,piracicaba,SP
f457c46070d02cadd8a68551231220dd,87047,maringa,PR
f46490624488d3ff7ce78613913a7711,07194,guarulhos,SP
f4a04f7be452aa3bb31760bf00055dd0,09010,santo andre,SP
f4aba7c0bca51484c30ab7bdc34bcdd1,01031,sao paulo,SP
f4c4daa86e30c7e5a553a8d518ac03a5,85801,cascavel,PR
f4db9b37944bcb8873e6b456ee190bbf,08599,itaquaquecetuba,SP
f52c2422904463fdd7741f99045fecb6,09230,santo andre/sao paulo,SP
f5a590cf36251cf1162ea35bef76fe84,09720,sao bernardo do campo,SP
f5b44895715ddfe3087dc414f30268f3,18017,sorocaba,SP
f5f1f2c5f923f36ad79ea1d07185ddc9,19820,taruma,SP
f615fe7efbef0f4f08fd3086bc7a3e60,12940,atibaia,SP
f61c63d13f7cd800549d5acdd390ae72,18185,pilar do sul,SP
f62d7bb4a613ec758a03342d46b580b2,36570,vicosa,MG
f63d8f293af3a6454377546bd9dd19ff,18110,votorantim,SP
f67efa3f0b6761102a7f8c6b7b571f5d,82300,curitiba,PR
f680f85bee2d253556ac91be391d2c82,06365,carapicuiba,SP
f7496d659ca9fdaf323c0aae84176632,04156,sao paulo,SP
f76a3b1349b6df1ee875d1f3fa4340f0,03275,sao paulo,SP
f7720c4fa8e3aba4546301ab80ea1f1b,81350,curitiba,PR
f789d2c4f2c2eb38fc4373e7a4b35264,36010,juiz de fora,MG
f7ba60f8c3f99e7ee4042fdef03b70c4,09628,sao bernardo do campo,SP
f7ccf836d21b2fb1de37564105216cc1,14940,ibitinga,SP
f80edd2c5aaa505cc4b0a3b219abf4b8,03431,sao paulo,SP
f8201cab383e484733266d1906e2fdfa,88137,palhoca,SC
f84a00e60c73a49e7e851c9bdca3a5bb,20756,rio de janeiro,RJ
f84fa566034f5e8e880a07ec624c56af,13330,indaiatuba,SP
f8d5c7085db9a4ad2b8c1ffbeb2798c8,04104,sao paulo,SP
f8db351d8c4c4c22c6835c19a46f01b0,13324,salto,SP
f9244d45189d3a3605499abddeade7d5,03029,sao paulo,SP
f92d8c817434bd2d84d4e9c61322b7fa,18048,sorocaba,SP
f97e2b0650c2068227e1d366140eb62f,13830,santo antonio de posse,SP
fa14641f57b655e933124a9ea49cd7a5,01310,sao paulo,SP
fa1a9dec3a9940c072684a46728bf1fc,88820,icara,SC
fa1c13f2614d7b5c4749cbc52fecda94,13170,sumare,SP
fa40cc5b934574b62717c68f3d678b6d,02310,sao paulo,SP
fac1a9017ade7bdc94058fc1c969f355,01126,sao paulo,SP
fac35d150712afb921ec59ac5f39bb11,38650,bonfinopolis de minas,MG
fb3cfbc8a86f5d7fbb4d36b8df63f60d,21825,rio de janeiro,RJ
fb89df7f89fd1b8f03fa2acca1ba7364,85853,foz do iguacu,PR
fbc14c0cf93505ef89f64665ffa4a7b5,14150,serrana,SP
fc906263ca5083d09dce42fe02247800,31030,belo horizonte,MG
fcb5ace8bcc92f75707dc0f01a27d269,07032,guarulhos,SP
fcdd820084f17e9982427971e4e9d47f,14075,ribeirao preto,SP
fce62094ffe6a4009188ec44e681dfdd,04674,sao paulo,SP
fd312b6bf05efac6c3772d5b52205d8a,18111,votorantim,SP
fd386aa7bed2af3c7035c65506c9b4a3,04208,sao paulo,SP
fdaaf5bfda82b7b80535610c831b8d09,15015,sao jose do rio preto,SP
fdb9095204a334cd8872252ffec6f2db,03331,sao paulo,SP
fde0cc9ea29c8ccfc0a2c22256a58c71,81650,curitiba,PR
fe1b067411b8c5066e962aa146ccee03,19020,presidente prudente,SP
fe2032dab1a61af8794248c8196565c9,13030,campinas,SP
febab0275244b9a49a623f0bd613ca2f,13920,pedreira,SP
fedf2c1386e137f296b3bbf3b635e69d,03410,sao paulo,SP
ff063b022a9a0aab91bad2c9088760b7,09171,santo andre,SP
ff1fb4c404b2efe68b03350a8dc24122,08710,mogi das cruzes,SP
ff4e2d38692ce827b1a4f4b8196e680d,03319,sao paulo,SP
ff4ea69c2a729e83e63c7579e4ef8170,07071,guarulhos,SP
ff69aa92bb6b1bf9b8b7a51c2ed9cf8b,08140,sao paulo,SP
ffdd9f82b9a447f6f8d4b91554cc7dd3,80030,curitiba,PR
ffeee66ac5d5a62fe688b9d26f83f534,15130,mirassol,SP
fffd5413c0700ac820c7069d66d98c89,13908,amparo,SP
ffff564a4f9085cd26170f4732393726,13070,campinas,SP
